temperatura,vibracao,corrente,pressao,horas_operacao,ciclos,falha
74.97,4.4,10.65,4.47,1019,27120,0
68.62,3.92,11.71,5.31,169,1078,0
76.48,3.06,10.42,5.67,4024,36891,1
85.23,2.35,11.38,7.51,2186,26473,1
67.66,3.7,8.21,6.45,2107,40832,0
67.66,3.39,12.43,4.93,900,46836,0
85.79,3.9,12.0,6.39,2879,9417,1
77.67,3.64,10.37,4.76,855,14362,0
65.31,4.05,13.32,6.87,2095,2209,0
75.43,2.46,13.88,5.62,1421,38921,0
65.37,4.32,8.78,5.93,2430,5898,0
65.34,3.2,10.47,7.06,209,19562,0
72.42,5.08,10.46,4.97,1116,11871,1
50.87,2.31,10.12,4.88,3965,8610,0
52.75,4.74,13.66,5.53,124,44845,1
64.38,3.2,11.61,6.83,2938,28382,0
59.87,2.35,11.47,4.78,837,16791,0
73.14,2.52,7.99,3.73,279,36312,0
60.92,2.68,13.27,5.64,331,39290,0
55.88,3.42,9.52,6.44,2017,3370,0
84.66,3.52,12.12,6.96,442,20665,0
67.74,2.43,12.55,5.63,4672,5710,1
70.68,2.98,14.72,5.67,2723,1328,0
55.75,5.14,9.38,6.92,554,47451,1
64.56,4.73,5.96,4.5,4484,39347,1
71.11,3.44,12.37,5.69,4725,21612,1
58.49,3.04,15.6,6.15,2376,46890,0
73.76,3.12,14.48,6.36,695,7794,0
63.99,3.61,12.42,5.59,3974,33888,0
67.08,1.98,11.02,6.03,4630,7749,1
63.98,2.74,13.61,4.01,4597,47531,1
88.52,1.33,10.05,5.47,2769,21608,1
69.87,3.4,12.95,6.36,2235,16450,0
59.42,3.65,13.01,5.21,4064,4675,1
78.23,2.52,14.12,6.05,1665,19460,0
57.79,4.57,17.52,6.36,408,39411,1
72.09,1.77,12.78,5.73,442,12560,0
50.4,1.54,10.98,6.14,535,33463,0
56.72,3.22,11.95,5.23,276,32663,0
71.97,4.05,8.46,5.83,238,49151,0
77.38,4.68,10.61,6.49,293,4170,1
71.71,2.54,11.18,6.13,3357,34123,0
68.84,4.08,10.95,5.53,3335,29810,0
66.99,2.96,12.3,6.18,1042,10718,0
55.21,2.83,10.36,6.57,4720,1028,1
62.8,3.88,14.24,4.36,3979,48599,0
65.39,3.65,12.0,6.93,3213,18397,0
80.57,1.42,11.98,5.73,3062,44662,0
73.44,4.48,11.34,6.34,4936,42787,1
52.37,4.38,12.31,6.96,1053,46406,0
73.24,2.37,13.65,4.9,1402,48657,0
66.15,3.4,10.27,5.43,3481,3024,0
63.23,3.49,10.68,5.77,2980,39607,0
76.12,3.26,11.39,5.37,2287,14503,0
80.31,2.45,9.31,7.39,4987,11303,1
79.31,2.33,10.36,5.31,645,18138,0
61.61,2.97,11.05,5.56,2027,26345,0
66.91,4.17,13.75,6.16,4252,30505,1
73.31,3.54,12.53,5.04,104,2906,0
79.76,2.63,12.39,5.68,3581,41167,0
65.21,3.77,13.7,6.25,3353,8961,0
68.14,0.15,11.73,5.73,1462,27140,0
58.94,4.15,12.78,5.93,1920,13031,0
58.04,1.26,11.79,5.58,2763,16128,0
78.13,2.64,12.53,4.79,3038,16663,0
83.56,1.88,10.83,6.26,1373,35228,0
69.28,1.71,7.12,7.4,3426,16682,0
80.04,4.16,11.73,6.01,3759,16193,0
73.62,2.53,14.85,6.18,3045,29561,0
63.55,3.35,13.85,6.55,3118,44813,0
73.61,2.95,13.93,4.98,1231,8766,0
85.38,3.48,14.47,7.36,4863,30844,1
69.64,3.08,12.18,6.16,2736,30432,0
85.65,1.72,12.39,7.31,3129,30504,1
43.8,4.0,10.76,5.41,3119,38146,0
78.22,2.51,11.37,7.45,4477,41297,1
70.87,1.44,13.23,6.62,3259,21858,0
67.01,2.57,14.41,6.44,353,4071,0
70.92,4.5,11.72,6.19,428,17939,1
50.12,3.85,11.1,5.8,2691,25931,0
67.8,2.65,12.0,6.96,2930,45460,0
73.57,2.65,13.2,6.11,3144,2040,0
84.78,2.68,9.11,4.43,1520,3686,0
64.82,5.08,7.41,5.11,3501,13666,1
61.92,3.38,10.9,5.85,2992,36321,0
64.98,3.43,9.56,6.25,754,2779,0
79.15,4.03,10.98,5.95,859,14186,0
73.29,3.24,11.7,6.98,1898,17459,0
64.7,2.74,11.09,4.44,3071,21710,0
75.13,2.8,14.9,6.11,4611,23219,1
70.97,2.93,12.65,4.55,3526,6057,0
79.69,2.96,12.6,6.61,354,19733,0
62.98,3.73,13.24,5.92,3923,20157,0
66.72,3.05,9.72,6.34,1976,36030,0
66.08,3.73,14.08,5.31,2857,20613,0
55.36,2.92,11.85,7.02,2724,44076,0
72.96,3.08,13.34,6.83,4221,18492,1
72.61,1.0,9.86,6.47,3104,21746,0
70.05,3.92,8.89,5.9,4616,6188,1
67.65,3.35,13.64,6.46,3834,42570,0
55.85,4.0,12.75,5.43,1344,30680,0
65.79,0.1,10.2,6.68,1108,38825,0
66.57,5.09,10.26,7.32,4414,37766,1
61.98,2.86,14.25,6.86,1610,9864,0
68.39,4.11,9.62,5.42,2059,37445,0
74.04,1.96,15.29,6.29,2608,6796,0
88.86,3.61,10.2,4.97,4858,48218,1
71.75,1.95,13.28,6.46,2782,40131,0
72.58,2.38,11.34,6.36,1089,9123,0
69.26,4.91,13.21,4.5,4384,9222,1
50.81,2.81,10.91,5.07,354,25074,0
69.73,3.22,11.67,5.77,4263,47422,1
70.6,3.87,12.08,5.76,4811,30825,1
94.63,3.5,10.0,5.03,4552,37839,1
68.08,3.15,13.48,6.31,355,42576,0
73.02,3.36,10.97,6.2,1107,3786,0
69.65,5.4,11.54,5.84,1855,34638,1
58.31,2.94,10.01,5.4,2671,37964,0
81.43,3.2,6.88,6.84,4008,45564,1
77.52,4.05,11.62,7.32,3097,26988,0
77.91,4.11,16.83,5.61,2903,36507,1
60.91,4.19,13.57,5.51,3865,34708,0
84.03,3.64,11.96,6.39,4479,34108,1
55.98,1.86,11.47,5.71,3483,30715,0
75.87,4.63,12.04,5.89,198,24806,1
91.9,1.85,13.09,6.59,296,37901,1
60.09,3.3,9.64,4.47,2629,18043,0
64.34,2.25,14.23,7.05,977,11225,0
71.0,2.94,13.43,6.06,1968,10752,0
64.97,3.33,13.44,5.67,2765,4457,0
54.49,3.32,12.88,5.93,1488,43616,0
70.69,3.42,12.04,5.97,2515,10241,0
59.38,4.61,13.35,4.62,669,1453,1
74.74,3.45,13.18,7.2,2737,10896,0
60.81,2.76,11.29,6.03,1165,22826,0
85.5,3.96,10.85,6.35,521,11976,1
62.17,4.19,12.2,6.76,2983,49640,0
66.78,1.77,15.1,5.18,1304,34586,0
78.14,3.6,9.52,6.38,644,5868,0
57.69,3.7,9.06,5.79,4266,17396,1
72.27,2.7,12.33,6.68,3739,32634,0
83.07,4.38,12.1,4.3,1323,13171,0
53.93,2.85,12.35,5.92,3272,25111,0
71.85,3.13,12.49,5.52,867,34688,0
72.6,2.83,11.55,6.35,3757,22304,0
77.82,3.02,14.98,6.38,754,43274,0
57.63,1.9,8.8,5.43,2546,40243,0
56.8,1.56,10.34,5.43,320,29253,0
75.22,4.59,11.79,5.91,3766,31980,1
72.97,2.15,8.71,5.28,4377,3017,1
72.5,2.01,11.65,6.67,4502,8957,1
73.46,0.85,15.32,5.7,2669,49998,0
63.2,2.36,12.04,3.67,1113,43188,0
72.32,1.68,12.46,5.7,2151,5792,0
72.93,4.64,9.48,5.17,4085,14237,1
62.86,4.01,10.77,4.69,4999,17251,1
88.66,2.31,11.25,5.01,4410,20252,1
74.74,5.25,11.36,6.09,3119,11707,1
58.09,3.98,14.56,7.06,3781,35206,0
76.57,2.68,13.12,6.25,1543,29740,0
60.25,0.5,9.78,5.51,4296,4543,1
77.87,5.29,12.49,6.36,3110,45135,1
81.59,1.61,13.0,5.63,672,49288,0
61.79,1.35,14.28,5.44,1432,40111,0
79.63,4.02,15.16,5.08,4853,36031,1
74.13,5.44,9.97,4.6,4102,43929,1
78.22,4.38,10.38,5.69,3234,1211,0
88.97,3.56,9.48,6.13,4186,47577,1
67.55,3.59,11.53,5.92,325,40795,0
62.46,3.85,12.93,5.67,4300,1331,1
61.1,3.76,13.97,5.24,2097,24244,0
61.84,3.28,11.85,6.49,871,9169,0
69.23,3.1,11.36,4.95,4624,23104,1
73.41,2.94,12.3,6.62,533,42901,0
72.77,2.25,10.33,5.2,3199,15591,0
78.27,2.72,16.18,5.4,2829,32711,1
70.13,1.31,8.78,4.83,3507,49893,0
84.54,2.9,12.37,5.6,3240,1727,0
67.35,2.01,16.05,6.78,965,22359,1
97.2,1.9,12.01,6.41,2893,44822,1
76.26,3.18,11.62,6.78,3011,37011,0
61.43,4.39,11.29,6.42,2515,38863,0
59.29,3.92,11.64,5.12,350,47577,0
74.82,1.43,14.75,5.74,3857,23998,0
67.77,2.01,7.58,5.38,4756,11929,1
77.14,3.94,15.07,7.06,1018,15842,0
74.73,2.02,9.15,5.04,1273,24519,0
69.27,2.78,11.47,6.71,3303,18393,0
61.53,3.55,11.14,6.71,532,35318,0
54.85,2.03,13.18,7.46,935,9995,0
65.53,3.11,8.8,5.67,2346,29656,0
78.56,1.67,12.92,6.57,2362,48934,0
72.14,2.4,16.05,7.83,997,41260,1
57.54,3.32,9.27,5.51,3732,46269,0
71.73,1.41,12.38,4.77,4667,16567,1
73.85,3.44,10.68,4.5,3915,29840,0
61.16,2.98,12.85,6.57,346,24831,0
71.54,3.55,12.04,4.49,2529,14265,0
70.58,3.22,10.72,5.7,1090,6424,0
58.57,4.36,12.98,6.35,3410,21625,0
73.58,3.13,15.61,6.15,1026,15086,0
75.61,2.57,11.62,6.34,3538,30187,0
80.83,3.12,13.44,6.18,2707,36929,0
80.54,3.54,9.41,7.02,1174,21539,0
56.22,3.05,10.09,5.24,4122,26103,1
60.62,3.04,12.94,5.46,3899,28874,0
75.15,2.3,14.97,5.38,4884,10215,1
75.14,2.34,12.71,6.66,3251,40385,0
75.15,1.6,11.37,6.72,3538,23044,0
108.53,4.75,12.0,6.36,4673,12926,1
75.71,1.76,9.5,6.95,3591,48860,0
81.36,2.31,13.21,5.06,806,32501,0
79.54,2.28,13.76,7.33,3164,30774,0
76.51,3.89,11.1,7.22,853,26008,0
66.85,2.71,11.06,6.59,687,49928,0
77.59,4.25,12.53,7.43,1434,18560,0
62.27,2.33,11.13,4.67,1947,25340,0
67.63,3.28,11.87,5.58,4034,25976,1
65.15,2.16,16.2,5.41,4026,49406,1
70.82,5.15,11.51,6.58,3417,28626,1
93.15,1.81,11.28,5.16,4120,33720,1
51.33,3.31,10.7,6.61,3255,36001,0
76.86,3.63,13.49,7.1,4402,5700,1
53.87,3.41,11.64,6.56,2298,44795,0
65.28,2.81,10.7,6.23,264,8860,0
80.89,2.87,14.64,5.21,2098,8526,0
70.64,3.04,14.84,5.32,3157,39327,0
59.22,2.85,10.8,7.0,2184,40500,0
62.85,3.96,8.27,6.62,4528,3513,1
76.8,5.21,14.02,5.97,502,8830,1
62.7,2.44,10.63,5.67,513,15781,0
72.16,1.63,13.58,4.38,144,8910,0
70.46,2.91,8.06,5.14,4257,16847,1
63.48,5.58,13.79,7.53,2567,6649,1
91.44,2.2,9.58,4.98,967,10120,1
76.34,4.64,13.46,6.15,118,2951,1
49.75,4.68,12.03,6.81,464,11165,1
71.86,2.45,10.09,5.0,3932,15352,0
63.38,3.57,11.19,6.15,679,10746,0
78.52,4.63,13.37,6.75,645,44738,1
62.07,2.62,12.21,6.01,4250,29997,1
68.85,2.8,13.17,8.29,4973,42954,1
75.05,2.42,15.95,4.67,3139,25183,0
78.66,1.99,8.87,6.85,4237,9804,1
58.0,2.35,15.23,5.86,4144,28169,1
66.65,1.78,12.21,6.62,4426,1595,1
65.25,3.03,10.2,6.35,552,30592,0
63.47,2.23,9.34,5.41,4061,41643,1
87.65,3.23,11.62,6.18,1481,21823,1
74.05,1.44,13.84,4.51,1567,6972,0
57.39,3.33,11.74,6.48,2838,16882,0
79.18,3.83,15.02,6.24,1316,1858,0
91.22,1.01,9.1,6.51,980,6519,1
80.32,3.37,11.98,6.85,3914,24769,0
54.81,4.23,9.5,6.29,3249,26020,0
65.16,1.79,12.73,6.12,184,43748,0
82.67,4.67,13.77,5.3,4244,38085,1
62.92,3.42,11.16,5.43,1268,20838,0
74.44,2.29,6.79,6.95,4264,45912,1
77.75,2.94,12.4,7.15,3229,13879,0
60.73,3.56,12.87,5.81,3745,34798,0
69.4,3.08,12.81,6.04,2626,43255,0
37.59,3.54,14.47,5.28,2967,25290,0
59.76,2.08,9.86,6.94,3616,47073,0
67.47,3.17,13.36,6.53,3467,11255,0
57.52,1.59,14.39,7.55,2294,2447,1
86.32,2.89,8.44,5.3,3655,44005,1
55.7,2.1,12.64,5.7,545,30195,0
65.6,2.26,10.99,6.19,3726,3850,0
71.31,4.24,11.84,6.52,4116,29400,1
84.41,4.09,12.7,5.83,3975,12953,0
55.64,3.61,11.03,5.3,3437,41874,0
81.63,1.91,10.65,6.71,361,24535,0
70.1,2.68,12.07,6.58,1948,11000,0
60.18,4.21,9.83,5.27,4125,10503,1
74.62,3.14,9.83,7.08,2366,16493,0
71.99,5.32,13.36,6.94,191,5055,1
64.0,3.39,9.7,6.11,4322,39170,1
70.7,3.19,13.33,6.06,4275,33408,1
66.15,2.69,12.93,6.44,3409,43049,0
71.14,3.13,8.55,5.31,1082,35440,0
76.62,2.85,10.64,6.02,3543,29251,0
85.86,3.71,14.39,4.28,2633,5532,1
57.62,3.96,10.04,6.7,793,5924,0
91.33,2.21,11.07,4.75,4220,49037,1
50.48,1.67,12.92,7.2,255,13546,0
68.48,1.16,13.57,5.74,3688,27579,0
75.88,3.51,11.5,5.83,1912,7085,0
72.81,1.9,10.8,5.5,4214,13390,1
63.77,0.85,14.84,5.77,1507,14280,0
67.92,3.39,15.48,7.13,1316,25118,0
65.07,5.49,13.96,4.01,1510,5864,1
64.11,2.99,12.17,7.02,3597,43084,0
78.5,3.84,10.38,6.27,4472,34989,1
73.57,3.08,10.34,5.03,4940,36628,1
63.07,2.9,13.05,5.14,651,27849,0
79.0,3.92,12.84,7.34,3494,28566,0
73.07,2.71,14.8,5.24,1276,11702,0
78.13,3.27,13.3,5.08,4834,42196,1
76.3,3.32,8.99,6.91,4432,16385,1
61.71,2.33,14.1,6.27,1097,10336,0
64.4,3.99,10.0,5.25,4176,32225,1
77.47,2.83,11.23,6.17,2831,37021,0
76.1,2.24,12.5,5.18,4037,4782,1
69.79,3.54,15.99,6.88,4152,24341,1
71.17,2.1,18.22,6.85,472,25094,1
82.78,3.03,13.21,6.43,2348,24866,0
64.08,2.99,11.63,6.29,948,20049,0
75.47,4.09,13.07,7.41,2656,43719,0
67.98,3.47,13.78,6.0,2422,31992,0
67.82,2.97,11.36,5.05,603,15567,0
80.99,3.82,15.59,6.36,3289,45451,0
78.25,4.39,12.46,7.67,802,4513,1
78.14,3.56,13.0,5.19,3725,14335,0
83.05,3.01,13.33,5.71,414,45140,0
70.21,1.69,12.84,6.33,2476,39590,0
76.82,1.93,13.68,5.96,1140,15837,0
66.9,2.69,10.77,5.21,4478,13122,1
73.24,2.39,10.88,6.9,3090,35840,0
68.7,2.81,9.8,7.86,357,32007,1
70.97,3.06,12.88,6.16,674,42297,0
75.95,3.53,13.56,5.28,4769,28684,1
61.82,2.93,12.92,4.76,1652,27393,0
90.92,3.49,15.35,6.21,4618,23754,1
59.94,3.06,11.99,6.88,857,21799,0
57.86,1.02,13.34,6.38,2910,39727,0
81.58,2.06,9.82,6.0,1204,10107,0
77.92,2.86,11.23,5.53,4624,6993,1
76.24,1.79,13.39,5.13,3559,31805,0
76.28,3.6,13.7,6.67,4092,29114,1
69.88,4.53,11.41,6.73,303,38789,1
61.03,4.22,11.86,4.76,2875,47314,0
70.76,2.79,8.96,7.27,2432,43942,0
63.23,4.49,11.29,6.46,2092,17138,0
79.75,3.15,13.78,7.12,2343,45527,0
68.53,2.66,13.15,4.93,406,10190,0
61.75,2.39,13.0,4.91,1787,27723,0
66.79,2.7,12.1,5.88,4209,13886,1
74.13,2.61,12.01,6.4,1960,17779,0
64.36,3.17,10.68,7.44,2061,29174,0
61.78,3.16,13.4,6.56,822,30086,0
72.44,3.0,12.84,5.81,879,18322,0
72.45,3.44,12.98,5.18,628,43596,0
64.93,4.19,10.95,6.98,4993,36278,1
65.29,3.95,7.69,5.23,443,19033,0
72.32,1.52,14.19,7.3,3886,21074,0
55.52,0.45,11.04,5.77,3782,4435,0
55.93,3.93,10.27,7.27,308,36969,0
62.82,1.63,13.39,6.54,4836,29942,1
67.87,2.78,11.22,5.89,3506,30059,0
73.11,1.83,14.12,5.58,1411,48921,0
84.75,1.2,13.23,5.73,2399,33826,0
78.58,3.54,13.37,6.34,3436,31297,0
68.4,3.76,9.27,6.06,2047,44890,0
69.81,2.42,14.42,5.52,1019,22322,0
59.97,0.41,12.52,5.87,2144,36739,0
69.81,2.45,11.26,6.06,518,10719,0
67.11,3.39,12.29,4.3,1849,15017,0
73.23,1.52,8.45,6.37,2942,9314,0
61.73,3.18,12.82,5.22,1199,29295,0
75.19,2.98,9.94,5.08,3492,10628,0
85.33,3.58,9.29,4.65,2872,43122,1
68.91,3.12,8.96,4.56,2580,12492,0
74.02,2.03,14.23,4.92,1645,37113,0
76.9,4.2,10.74,5.43,1170,16357,0
65.99,2.84,15.07,7.56,1950,34329,1
72.24,2.97,10.93,5.58,4298,21365,1
70.13,2.07,8.59,6.14,3039,40029,0
70.98,2.56,9.77,6.32,2003,2737,0
62.27,2.12,14.47,6.1,778,10096,0
70.25,2.83,11.69,5.94,1088,20938,0
74.98,4.71,10.9,5.04,2575,13682,1
84.51,1.63,12.32,7.16,1707,28499,0
79.59,1.39,13.0,7.45,2969,45491,0
91.53,4.47,14.23,4.65,1602,45866,1
62.33,2.79,14.9,5.18,1889,42894,0
78.72,2.33,11.28,5.78,1525,47157,0
71.83,4.04,9.35,5.23,2540,42034,0
91.9,2.39,11.17,6.4,2142,1294,1
61.92,4.83,12.52,5.42,1378,33536,1
61.6,3.68,10.07,7.73,2694,25596,1
64.01,2.51,10.09,6.95,4789,33649,1
48.76,5.16,12.69,6.17,2536,12434,1
64.74,2.39,11.9,6.82,3903,39098,0
62.41,3.74,12.07,6.88,2305,5655,0
71.5,3.3,10.48,5.55,1127,18493,0
73.42,4.3,11.54,5.35,3639,47228,0
88.76,4.56,10.15,6.06,3583,4771,1
79.5,3.03,13.78,6.69,2341,9563,0
64.23,2.25,14.07,6.11,2865,18558,0
61.02,3.46,8.31,4.74,1273,34932,0
74.92,2.32,10.14,5.36,3330,43243,0
56.8,5.01,9.01,5.94,3450,27567,1
88.31,3.14,10.7,5.94,503,33376,1
81.79,2.63,11.83,7.58,2825,22922,1
65.31,3.18,9.1,4.89,3482,13388,0
52.87,1.65,10.16,6.4,4263,30332,1
83.54,2.03,9.99,7.19,187,47737,0
68.85,4.2,12.41,7.82,1258,24495,1
82.38,2.34,12.14,5.68,4373,9434,1
54.06,1.95,10.56,6.39,2957,21991,0
64.01,3.54,12.35,6.46,1481,28472,0
70.05,4.19,10.91,6.16,4781,41030,1
70.47,3.72,11.46,5.92,2164,27849,0
65.5,4.0,15.35,6.35,2474,2541,0
76.23,2.24,14.68,3.97,417,3765,0
59.32,1.58,9.4,6.55,1602,44074,0
68.58,4.5,13.66,6.1,2142,38259,1
71.2,2.68,13.62,5.82,4698,30283,1
75.14,2.75,9.7,7.64,2122,36851,1
77.12,4.33,13.64,5.46,218,35625,0
58.75,3.56,15.08,5.68,809,1769,0
54.66,3.46,9.75,7.59,3657,18806,1
82.78,5.17,10.16,5.33,4240,25982,1
73.32,2.36,14.04,5.56,4509,3972,1
62.52,3.93,12.54,5.88,3350,19256,0
85.51,3.06,13.1,6.67,517,39367,1
71.16,3.27,12.68,6.17,2703,19653,0
81.79,4.53,12.78,4.97,3954,39043,1
70.68,3.51,9.35,5.57,1201,22133,0
90.61,3.54,14.09,5.51,4521,40339,1
87.55,4.07,14.34,5.94,3528,26757,1
67.51,2.64,11.54,6.34,2361,38840,0
79.72,2.16,11.91,6.33,4269,43399,1
76.45,1.96,8.94,4.58,3734,45013,0
83.69,1.03,13.03,6.85,608,33069,0
60.35,5.06,13.14,6.2,2479,15706,1
76.86,1.9,11.88,7.11,3264,39231,0
80.58,2.78,14.25,6.36,787,28909,0
52.41,2.72,11.33,6.88,4852,41218,1
58.17,3.31,13.13,6.37,1392,12095,0
49.61,3.82,9.96,7.08,4005,21343,1
67.31,3.86,11.95,6.42,3175,27469,0
77.18,2.42,11.65,5.92,3309,2313,0
85.02,2.83,12.45,7.82,424,8847,1
70.74,3.28,11.26,6.71,2093,10166,0
86.29,2.75,11.74,6.46,4076,10930,1
56.2,4.61,13.65,4.98,4912,4285,1
52.97,3.49,11.13,4.97,2870,36863,0
69.44,3.73,8.79,6.23,4472,17704,1
73.84,3.66,15.5,6.12,2683,19705,0
69.67,4.17,14.76,5.51,3657,1555,0
49.33,3.18,9.42,6.11,3687,22323,0
69.11,1.7,13.38,7.27,251,6432,0
56.96,3.4,10.99,6.56,1054,2386,0
76.7,2.35,12.53,5.09,4454,45007,1
73.67,2.47,12.59,5.91,2471,11619,0
60.6,3.59,11.53,5.36,1291,7854,0
64.86,4.24,10.43,5.69,787,43964,0
59.41,3.02,10.62,5.67,409,49801,0
69.37,3.31,10.17,5.62,1602,8637,0
79.55,4.7,10.34,5.0,3227,22225,1
60.14,3.24,11.87,5.9,4668,46730,1
75.04,5.6,10.57,5.55,3467,27739,1
64.7,3.57,13.36,3.66,3495,48708,0
62.07,1.24,14.97,7.64,913,11618,1
68.93,3.75,10.84,6.87,945,37561,0
59.65,3.38,12.48,5.7,1264,8373,0
64.46,4.29,13.0,6.02,4862,36281,1
58.02,3.67,12.94,5.06,1867,21187,0
89.65,2.86,12.15,7.36,454,3327,1
70.35,1.78,13.49,7.52,1972,33391,1
63.0,2.79,12.96,6.13,2124,42577,0
72.14,2.15,9.52,6.82,2917,19549,0
68.88,2.42,13.74,6.14,3932,40220,0
67.79,3.59,13.77,4.93,4375,8642,1
76.14,4.67,10.47,5.67,165,15435,1
77.58,3.39,12.08,6.11,4366,34760,1
64.69,1.8,13.37,5.64,4190,39192,1
64.24,3.44,11.58,5.83,2621,5381,0
67.25,4.2,14.15,5.93,2681,32047,0
46.98,2.39,16.73,5.94,1490,20558,1
54.85,2.87,10.43,6.04,1230,31782,0
83.67,3.01,9.24,5.15,2586,5782,0
86.45,2.22,12.61,5.43,934,26881,1
67.51,3.65,13.44,4.97,326,41228,0
75.77,2.88,11.54,6.78,3615,30409,0
73.11,3.42,14.91,4.32,4637,20462,1
100.79,2.11,9.32,6.92,2543,3983,1
81.2,2.56,13.39,7.11,827,32933,0
68.72,3.72,10.79,5.76,3786,47950,0
60.44,2.63,15.44,3.92,3722,3523,0
53.94,4.73,15.99,5.71,1136,10677,1
72.03,2.6,10.47,5.95,1932,11292,0
62.44,3.22,10.9,5.19,2840,16089,0
55.78,3.93,13.72,5.59,592,5581,0
63.53,1.58,11.23,7.22,1648,12907,0
59.18,1.24,11.91,6.53,1243,6609,0
86.87,1.47,12.05,5.26,4057,45143,1
78.82,4.26,8.16,4.72,3507,23936,0
69.92,2.45,11.97,5.74,739,43725,0
84.8,5.56,10.62,5.83,272,46723,1
70.77,2.44,11.01,6.4,4454,34988,1
61.39,3.18,14.89,5.57,4059,30506,1
85.23,4.54,9.49,6.41,616,14163,1
75.39,5.01,13.63,7.55,622,47057,1
59.63,5.06,11.44,6.65,2017,13537,1
68.1,4.21,11.44,5.96,2986,23419,0
61.24,4.02,13.58,5.85,2264,43578,0
56.17,3.59,12.68,5.71,2029,10455,0
79.26,3.78,13.14,6.94,4045,10063,1
89.09,2.45,13.94,5.5,2309,1834,1
56.01,2.18,11.34,6.04,3883,33214,0
75.63,3.0,10.78,6.04,2690,28398,0
63.49,2.83,9.83,5.6,4176,35492,1
65.13,2.55,10.35,4.9,1193,3413,0
64.08,3.7,17.9,6.26,3980,10505,1
61.36,3.96,14.49,5.95,2594,38266,0
70.49,3.09,9.3,6.4,2679,3105,0
61.69,4.48,9.36,5.57,2588,3568,0
72.7,1.86,12.96,6.98,2885,43098,0
69.5,2.81,13.09,5.3,2858,38679,0
67.61,2.28,13.1,7.37,1674,34560,0
60.92,1.13,11.49,4.6,2473,15195,0
64.23,2.92,11.75,6.35,4090,47669,1
77.55,2.88,12.66,6.38,4945,16762,1
75.01,4.51,12.17,5.36,1193,42294,1
60.22,3.63,7.56,6.34,1289,16898,0
70.99,1.98,11.54,7.02,2789,22577,0
77.51,4.85,10.3,4.23,4195,2214,1
53.31,4.22,12.35,6.4,1975,21803,0
75.43,3.58,17.97,4.01,3506,49114,1
63.37,2.77,12.73,5.23,1887,24698,0
75.71,2.04,11.37,7.3,4032,33980,1
62.37,2.63,13.84,5.53,1707,2658,0
51.95,4.09,12.97,5.06,3848,13270,0
53.72,4.88,12.84,5.84,148,47797,1
70.48,4.54,13.21,7.65,3961,38792,1
72.6,2.51,16.11,4.53,2280,46807,1
60.96,1.88,9.74,5.16,3146,23301,0
76.39,3.14,12.95,7.2,2933,6141,0
53.38,1.23,10.15,7.49,1497,39756,0
69.34,3.32,13.11,5.92,3926,14777,0
57.89,2.85,10.16,5.01,4674,39346,1
63.48,2.53,11.17,7.68,931,30441,1
70.47,1.41,11.41,7.28,2797,48819,0
61.4,3.51,13.95,6.54,4877,29469,1
66.15,2.47,13.84,5.35,2835,4845,0
80.06,1.83,9.51,5.96,181,45650,0
64.23,0.13,12.11,5.87,186,24290,0
78.36,2.97,10.58,6.26,2163,48015,0
58.7,4.77,9.48,7.16,921,31699,1
75.3,4.66,11.57,6.7,262,45252,1
84.42,2.54,11.38,5.14,3839,34146,0
45.28,2.4,16.85,7.1,2497,4293,1
62.03,3.47,12.87,6.25,2032,45398,0
75.77,2.0,9.24,6.55,2828,47428,0
67.97,3.3,10.87,7.17,3635,17608,0
73.71,3.77,14.04,5.11,3546,1737,0
63.96,4.23,16.18,5.97,2890,17619,1
70.87,2.9,8.83,5.57,2807,13470,0
68.44,2.8,8.24,4.75,4033,23372,1
81.68,2.12,15.74,6.28,3485,17117,0
72.54,2.17,12.78,8.01,1022,15779,1
73.38,2.77,10.26,4.53,2275,30294,0
65.88,3.37,13.07,5.97,1682,22630,0
65.12,3.91,6.73,6.51,664,41039,0
65.67,2.2,12.01,6.1,3358,13178,0
73.94,4.49,12.66,5.91,2697,20935,0
65.79,2.73,13.85,4.96,2600,48258,0
72.9,2.98,9.97,6.19,4666,23784,1
90.75,2.25,12.17,5.39,1087,24027,1
78.71,0.58,10.15,4.25,3736,32008,0
66.74,3.88,12.51,6.96,323,47631,0
82.01,3.74,10.21,6.77,450,2823,0
65.92,2.72,11.18,6.04,2028,7852,0
49.62,3.07,10.01,6.18,448,14072,0
59.92,3.52,13.3,6.86,4377,12133,1
51.29,1.44,13.72,6.18,4832,16111,1
66.48,2.47,11.53,6.72,1117,33312,0
70.18,3.79,12.08,5.76,2326,25161,0
86.76,1.75,9.1,7.05,4967,40287,1
73.27,3.29,11.4,6.26,4224,2777,1
67.81,1.64,11.9,6.16,2519,25014,0
78.29,3.47,17.24,4.98,1993,15772,1
47.89,2.96,9.78,6.23,3140,47389,0
72.36,1.38,14.93,5.33,2168,45627,0
77.71,4.16,13.99,5.49,1225,19161,0
55.21,2.27,12.56,5.35,3217,43264,0
81.44,2.19,15.52,5.15,4261,8490,1
73.38,3.2,12.74,7.7,4142,42661,1
65.85,4.15,12.78,7.07,4533,25502,1
76.33,1.98,11.89,7.54,2270,36757,1
92.71,3.06,14.45,5.02,546,42111,1
71.82,3.43,14.19,6.06,2758,33737,0
72.48,3.69,10.75,4.97,3462,18709,0
65.41,3.18,9.36,5.44,2818,45682,0
61.5,2.63,11.59,5.27,3583,9998,0
78.3,2.17,10.4,6.99,3044,29906,0
61.44,3.09,11.87,5.68,4476,36490,1
70.72,1.93,14.47,6.85,695,5656,0
65.22,0.08,11.09,6.48,2086,37901,0
74.79,3.44,11.91,7.84,2850,26735,1
73.34,3.9,12.12,4.82,1174,30092,0
80.38,0.64,13.7,7.01,4069,2242,1
64.9,1.99,7.51,6.92,4405,42307,1
67.3,3.62,10.79,5.22,4321,2831,1
60.21,5.06,12.42,6.81,4687,29511,1
65.56,3.02,14.4,6.27,3680,8246,0
73.77,2.27,11.02,5.82,3107,32467,0
77.57,2.82,8.25,5.34,1069,19302,0
60.78,4.37,13.24,5.42,680,4232,0
78.7,2.35,10.73,7.64,2924,37526,1
83.56,2.2,9.62,6.0,4101,39765,1
74.13,2.52,10.75,6.63,1311,11972,0
88.77,2.05,11.63,5.37,329,49136,1
62.26,3.12,10.79,5.38,4384,35592,1
57.55,4.62,7.59,6.87,3285,11683,1
52.21,3.32,13.79,4.92,601,24664,0
84.96,2.75,14.55,5.67,2232,37828,0
76.54,2.71,13.3,6.03,148,34172,0
69.44,1.44,9.72,6.09,3666,19105,0
72.8,3.88,11.6,5.86,3155,22700,0
58.75,2.92,11.99,6.32,788,12017,0
94.46,2.82,13.2,6.55,486,37613,1
71.29,6.19,13.34,6.59,1069,21594,1
71.09,3.3,10.53,5.21,3560,12384,0
77.26,2.25,12.16,5.77,1105,31348,0
74.81,2.57,12.91,6.96,3152,17448,0
72.24,4.15,14.91,6.72,3517,10491,0
62.1,3.11,13.41,4.9,2402,14112,0
74.71,1.56,13.58,6.28,2383,32021,0
88.82,3.92,12.17,4.42,1707,45553,1
83.45,2.33,14.82,6.04,4466,1968,1
85.93,4.87,12.82,7.52,222,1368,1
64.89,4.08,10.28,5.24,1380,9424,0
60.1,2.55,14.81,5.33,3827,36010,0
68.74,4.28,13.4,6.61,358,36851,0
70.56,3.07,11.11,4.77,1047,26496,0
80.94,3.85,11.04,5.49,624,31936,0
53.08,3.48,12.59,6.48,987,14322,0
85.3,2.15,12.93,5.49,307,2469,1
68.42,2.36,12.39,5.81,3482,38493,0
65.73,4.03,12.62,6.6,2894,5259,0
59.88,2.67,15.4,6.34,248,37390,0
53.45,2.6,14.14,6.21,537,11292,0
78.23,2.04,12.38,5.73,2302,27841,0
70.73,3.42,13.88,6.3,3849,29365,0
57.1,5.06,9.93,5.9,3261,18207,1
57.05,1.93,12.8,6.37,4001,37199,1
66.64,3.02,15.62,5.6,4553,23912,1
86.69,4.41,11.56,5.85,3345,37919,1
67.4,2.92,10.3,5.21,4651,37981,1
54.97,3.45,10.7,5.97,2923,16235,0
67.54,1.94,9.82,5.35,4824,42757,1
67.27,3.43,10.43,5.11,3370,34547,0
43.03,2.81,11.26,6.21,585,49119,0
69.46,3.99,9.19,6.17,299,44810,0
67.69,4.19,12.03,6.63,4566,20276,1
76.96,5.59,13.8,5.66,2082,32923,1
88.49,3.58,10.18,6.33,1571,6534,1
81.27,3.33,15.04,6.44,4443,27469,1
67.31,3.19,13.02,6.36,4983,37074,1
58.93,2.65,14.06,5.34,2411,36670,0
95.73,3.34,10.68,6.12,3473,33563,1
70.59,2.7,13.71,6.29,2178,47159,0
70.14,3.17,9.82,6.01,1621,37486,0
69.76,4.32,13.78,4.33,704,1021,0
71.98,1.99,12.34,6.13,3948,35268,0
68.56,4.14,13.11,7.77,3442,42802,1
64.26,4.32,9.65,5.71,1517,16799,0
64.53,2.88,10.21,5.42,4697,27336,1
69.67,0.88,13.19,6.3,3975,4641,0
64.57,2.39,10.1,6.25,3033,22596,0
62.87,4.3,12.93,6.95,648,33959,0
71.06,2.98,9.27,4.99,938,14306,0
67.45,2.0,13.7,6.59,3915,47182,0
85.04,2.5,9.53,6.47,947,9587,1
43.49,3.84,13.1,5.89,4809,32359,1
80.92,3.55,13.25,6.27,4607,22498,1
82.46,2.76,10.61,6.82,4873,5662,1
49.27,2.63,13.16,6.7,4354,38094,1
66.57,2.61,12.52,5.09,4568,42833,1
66.29,2.08,10.92,6.66,2372,28197,0
55.92,4.62,9.98,5.95,3420,21719,1
62.22,2.68,8.07,6.06,2658,25665,0
58.89,4.22,12.7,6.06,4798,44239,1
87.52,4.52,8.87,5.88,4411,26032,1
79.36,4.0,12.19,6.95,2096,13641,0
82.72,2.57,11.47,5.93,3773,42964,0
77.22,3.4,13.36,5.1,1664,31028,0
58.71,2.98,11.4,5.69,4118,46494,1
64.75,2.1,11.34,6.14,1940,16651,0
74.89,3.32,13.46,6.98,3391,9536,0
57.78,1.82,12.67,6.48,2987,46712,0
77.13,4.19,12.63,5.32,826,7273,0
67.6,2.54,12.94,7.99,1344,7284,1
66.25,3.2,8.93,6.21,3560,26692,0
77.11,3.28,13.51,7.02,3818,9817,0
74.44,2.74,13.22,5.88,1165,29955,0
66.39,3.59,9.97,6.43,4871,27555,1
81.59,2.53,11.51,6.67,382,21378,0
59.19,3.87,11.92,6.97,1181,42182,0
76.16,1.65,11.73,6.85,3985,18127,0
75.93,3.13,12.67,6.7,2981,18952,0
66.9,4.94,14.86,5.75,2684,12539,1
73.26,2.0,14.16,5.54,3070,47761,0
57.49,2.32,9.38,6.27,1252,47219,0
79.24,3.51,13.24,6.75,3597,15692,0
68.15,3.18,14.66,5.82,1047,19120,0
64.77,3.35,12.77,6.85,4860,14334,1
80.49,3.49,14.18,7.16,1817,29615,0
62.96,3.63,16.02,5.27,166,8903,1
55.92,4.11,14.05,5.33,736,29527,0
54.43,3.41,12.5,5.89,413,16629,0
76.06,2.76,14.09,6.25,3497,18740,0
57.2,3.67,12.29,5.58,664,34782,0
87.55,4.9,12.05,7.08,1701,27708,1
49.18,2.87,11.3,6.34,925,11860,0
86.96,2.03,15.13,6.03,3770,18438,1
72.11,4.11,10.36,4.85,1125,2764,0
69.03,2.88,15.06,4.95,2351,7009,0
64.55,0.83,13.0,6.22,4857,21842,1
73.99,3.85,9.2,4.29,904,43372,0
69.62,2.46,12.74,6.81,2551,49780,0
81.03,2.91,7.8,5.87,4731,34435,1
71.14,3.33,13.25,8.59,1491,4370,1
71.5,3.19,13.77,7.85,1335,39744,1
66.36,3.71,10.82,5.85,4132,21454,1
69.43,2.56,12.25,5.91,3380,42381,0
73.08,3.51,15.91,6.8,4823,39367,1
52.9,2.74,10.99,7.36,4944,4650,1
56.52,3.74,9.88,4.69,3649,46117,0
77.43,3.62,14.96,4.57,4300,26708,1
71.71,2.06,15.93,5.5,4241,43662,1
68.16,4.09,12.01,6.47,1454,4190,0
70.18,2.46,14.02,6.4,1936,49113,0
73.48,3.81,14.68,6.86,2992,9789,0
64.6,3.37,10.52,5.04,2596,33125,0
62.22,4.84,11.03,4.15,2683,34159,1
71.96,2.78,14.46,6.69,2658,18459,0
60.22,2.65,15.37,5.34,3718,36418,0
74.08,2.98,13.13,4.39,1659,47368,0
52.97,2.7,10.24,6.12,1607,48085,0
80.29,3.8,15.97,6.63,4171,19768,1
74.73,1.38,10.94,5.9,2163,16563,0
72.56,1.95,11.33,5.63,3742,28885,0
79.83,1.93,12.68,5.87,2100,22885,0
86.65,3.95,15.11,5.7,1394,7895,1
80.14,4.71,13.71,4.92,4165,24958,1
51.59,2.9,12.83,5.43,2852,2531,0
57.2,2.83,12.93,6.42,1853,6481,0
63.75,3.07,12.09,6.26,4310,24932,1
70.26,4.16,13.12,6.13,1703,22360,0
75.18,2.07,6.94,5.2,1422,44642,0
62.74,3.24,11.41,5.85,2541,25829,0
71.87,3.98,12.48,4.26,1198,20932,0
62.45,3.5,9.7,6.14,1605,39931,0
63.88,3.19,12.77,7.14,1226,39032,0
55.93,4.0,11.59,4.82,396,16890,0
60.77,0.3,15.51,5.53,3149,19807,0
56.48,3.68,15.15,6.26,2325,12767,0
60.24,2.35,11.07,7.0,4454,9071,1
80.54,1.17,11.7,5.64,3887,27149,0
60.51,3.51,11.85,5.45,2196,16540,0
96.32,4.37,11.1,4.42,3709,36676,1
74.93,2.86,12.39,6.08,2308,5712,0
71.85,3.95,10.48,7.63,275,27201,1
61.42,4.61,9.74,6.22,2602,45958,1
77.0,4.31,13.25,5.98,4099,20899,1
64.24,4.64,13.26,6.26,1767,20787,1
71.22,3.74,10.39,5.99,4471,21982,1
95.6,3.08,13.79,5.35,2645,23606,1
69.04,1.4,10.74,6.66,775,11150,0
81.49,2.75,12.51,6.18,1923,21393,0
62.97,2.16,13.64,6.01,1456,38259,0
69.65,5.17,11.93,5.22,3172,47687,1
87.71,2.82,12.91,7.04,3359,47936,1
63.73,3.12,10.97,6.53,646,28750,0
88.12,3.55,11.61,5.56,2183,9593,1
77.08,3.04,11.59,6.8,2140,18358,0
64.38,4.7,10.51,5.6,4634,17607,1
76.32,2.38,11.65,5.37,1852,38381,0
79.73,3.19,8.9,5.39,1715,25811,0
76.22,2.26,11.02,4.58,1949,29074,0
54.3,1.68,11.43,6.38,2742,21595,0
62.73,2.39,11.49,4.54,1700,45194,0
67.52,2.96,11.52,5.02,3496,27853,0
69.26,2.57,11.88,4.34,4502,9183,1
76.21,2.31,12.96,5.93,3705,21661,0
71.78,1.59,13.75,5.88,3899,42169,0
56.65,2.92,10.7,5.74,718,37495,0
73.8,1.5,9.59,5.17,1232,14703,0
76.11,3.76,9.92,5.06,2215,31815,0
75.6,3.08,11.03,6.37,2439,30565,0
80.81,1.54,11.3,5.56,2839,23942,0
78.34,2.69,10.46,6.25,4376,43986,1
74.59,2.25,9.41,5.29,1587,34161,0
69.3,3.32,11.09,6.14,1657,49760,0
53.39,4.34,12.36,7.04,2213,42803,0
74.3,1.12,13.19,6.47,1144,10716,0
72.08,3.12,10.89,5.67,2531,42563,0
72.72,2.84,11.17,6.21,1682,34349,0
57.23,3.67,10.15,5.81,1408,48098,0
59.19,3.21,11.94,6.01,701,43899,0
80.53,2.25,10.3,5.74,1720,1132,0
69.6,2.68,13.15,5.87,4980,48752,1
76.82,2.2,8.43,6.17,4866,4385,1
70.28,4.08,11.28,5.21,200,37538,0
70.3,3.02,12.6,5.19,4371,36036,1
79.38,4.9,12.37,4.89,337,34743,1
64.84,2.94,17.39,4.72,4125,41373,1
70.96,2.29,12.7,5.03,3018,8213,0
65.38,1.49,9.99,6.13,2642,45223,0
65.66,1.2,11.81,5.29,2103,27119,0
66.91,1.42,8.45,6.41,1637,3835,0
72.22,3.27,11.84,6.03,854,3738,0
65.21,3.51,10.33,4.43,3468,43317,0
82.56,1.42,13.83,6.52,2358,5134,0
61.05,3.9,10.9,6.65,3765,26892,0
68.13,2.52,11.77,5.2,4335,40601,1
65.6,3.15,10.73,6.34,640,9353,0
84.47,4.61,15.48,5.31,369,16690,1
71.97,3.9,11.36,6.08,3560,2909,0
80.32,2.73,15.67,4.99,3508,26703,0
55.14,2.11,13.63,4.57,605,15496,0
72.67,0.85,12.96,5.69,1229,13062,0
78.9,2.28,12.74,5.9,2179,10850,0
70.82,2.79,12.79,5.68,3245,28701,0
80.65,2.01,8.14,5.05,3342,35731,0
64.83,2.87,11.44,5.68,461,6153,0
84.09,3.08,13.69,6.22,3820,11481,0
92.99,2.78,11.9,5.96,1556,34734,1
66.37,2.35,9.19,6.15,4167,1889,1
65.54,3.17,11.9,5.46,4295,20445,1
84.53,3.44,15.41,6.94,1781,7461,0
85.8,1.91,14.49,5.06,1152,39934,1
64.77,4.41,11.88,6.39,2609,29205,0
65.8,2.9,13.9,6.95,4827,24351,1
67.18,3.02,11.27,6.38,781,17006,0
56.56,3.71,8.59,5.84,4032,45149,1
60.81,3.23,10.15,5.58,2229,11940,0
59.96,3.95,15.13,6.83,4949,12258,1
62.32,3.29,11.45,4.86,4116,25485,1
69.65,2.39,11.51,5.22,3402,24763,0
72.34,3.36,11.4,5.68,819,41048,0
85.51,1.86,15.81,6.99,174,2067,1
60.02,3.11,15.25,6.3,1393,21607,0
79.84,2.97,16.44,5.23,2022,44883,1
67.86,2.79,11.68,5.75,4257,10018,1
69.51,2.87,12.59,5.51,419,49521,0
76.75,1.12,8.97,5.43,2249,47946,0
58.77,2.45,14.95,6.78,1552,16187,0
73.82,3.09,9.66,4.9,1655,38375,0
71.66,3.16,12.43,7.29,4307,4985,1
74.92,1.97,9.81,6.66,3132,44052,0
72.89,4.27,10.82,6.87,560,20563,0
94.55,2.13,10.33,5.63,986,48322,1
63.62,3.97,10.78,5.88,3633,38306,0
64.69,3.43,10.92,4.85,4036,19608,1
63.77,2.35,10.9,5.58,1215,40139,0
64.45,4.78,13.67,6.39,1175,2726,1
63.63,1.81,9.79,7.04,3976,27582,0
81.89,3.92,12.44,5.11,4715,6791,1
84.21,4.0,14.44,5.71,2024,9458,0
64.29,2.33,10.97,5.88,1026,18221,0
61.68,4.39,10.56,4.88,4752,49506,1
74.71,2.75,11.54,6.47,2381,21968,0
64.48,3.29,14.36,5.42,1155,18070,0
76.33,3.26,12.39,5.84,4774,28937,1
72.03,2.87,10.94,5.64,641,42831,0
54.84,3.81,12.97,5.37,2261,43933,0
85.48,3.79,9.8,5.99,2351,48307,1
87.96,1.25,13.36,5.83,1152,49340,1
63.87,4.3,12.82,5.7,4669,38415,1
66.12,1.34,11.38,5.42,2844,43770,0
72.86,4.03,10.32,6.26,3969,21802,0
73.34,4.13,10.23,7.32,4581,44601,1
76.59,1.91,13.07,6.11,4257,11420,1
90.1,2.59,14.46,6.8,4710,7642,1
68.23,1.89,10.73,4.89,4625,20775,1
62.02,2.79,12.92,6.13,4775,29754,1
56.21,2.69,7.83,5.12,1660,44310,0
62.69,3.78,10.83,4.82,3862,5357,0
69.67,4.31,11.94,5.41,1264,22263,0
87.95,4.4,10.18,6.95,2822,49367,1
64.82,2.44,10.13,6.76,2458,14201,0
72.24,2.79,10.66,6.19,570,3739,0
69.84,1.32,12.58,4.77,1516,14231,0
81.88,2.19,11.63,5.84,1568,43278,0
95.27,3.96,7.52,6.24,908,43495,1
64.69,4.62,7.76,6.14,271,22168,1
65.11,1.77,10.79,4.52,4226,33624,1
80.44,2.41,12.92,5.29,4242,11635,1
76.82,2.97,6.5,5.95,4325,10964,1
88.47,3.28,11.0,6.43,2499,28785,1
75.84,2.19,10.95,4.24,1745,30510,0
66.41,3.42,14.78,5.87,157,18261,0
75.91,2.53,11.23,6.11,1229,20254,0
81.09,2.99,12.77,6.68,1453,12392,0
78.2,3.55,12.28,6.55,867,13336,0
75.07,3.01,7.74,6.47,3995,12939,0
80.67,2.56,13.54,5.36,782,28412,0
81.69,2.89,12.43,4.47,3554,17676,0
83.82,2.91,13.02,5.69,2108,10843,0
76.49,2.63,19.85,6.8,3242,46591,1
68.33,2.74,7.83,7.11,1890,26112,0
71.47,4.6,15.45,6.57,1577,31598,1
82.07,3.56,11.43,6.34,985,36454,0
61.83,2.7,12.57,6.3,4006,34001,1
73.69,3.7,11.91,5.56,4592,28228,1
66.07,2.67,11.15,5.9,1638,15429,0
70.29,4.17,10.86,7.34,2173,19758,0
82.78,3.37,12.66,5.25,412,3272,0
71.91,2.89,8.97,7.29,910,18350,0
70.46,3.45,13.5,5.74,2335,23538,0
56.4,1.43,11.17,7.06,2957,4400,0
77.46,1.87,9.74,4.87,2863,16371,0
76.45,1.81,11.1,6.47,2132,38310,0
91.63,3.14,14.51,5.41,1607,37291,1
66.92,4.73,10.93,4.87,4645,19147,1
72.19,5.23,12.72,6.17,2670,4291,1
72.49,3.64,10.54,6.81,1994,36256,0
85.77,3.5,13.52,5.32,2805,11892,1
69.05,1.2,13.37,4.8,696,35326,0
72.79,2.46,15.7,5.93,2247,38458,0
76.08,2.21,11.65,5.93,715,39889,0
71.87,2.38,13.34,6.44,1047,45966,0
65.54,2.83,12.2,6.76,4751,38207,1
71.94,2.53,14.59,5.95,4473,41288,1
80.74,1.02,10.56,7.48,3864,26995,0
59.73,3.75,13.49,6.18,2113,6409,0
71.33,1.93,11.61,5.72,3797,43438,0
63.0,3.24,11.87,4.71,590,45874,0
81.95,5.07,12.18,5.79,4450,45702,1
54.77,2.08,12.5,5.73,2528,30823,0
64.41,0.47,11.77,6.77,641,8869,0
73.77,2.71,12.43,6.37,1387,36724,0
85.66,4.1,15.16,5.06,1733,23401,1
69.34,4.96,13.97,6.14,3026,26958,1
64.45,1.77,13.74,6.54,1452,11766,0
88.81,3.5,11.09,7.22,4476,20768,1
55.52,2.53,10.22,6.71,1398,31794,0
48.01,2.89,13.91,6.61,4968,27145,1
74.4,5.64,13.75,6.05,4067,11086,1
64.98,1.5,14.95,6.31,4523,44203,1
59.79,3.25,10.79,7.0,2358,27442,0
77.08,3.47,11.54,4.93,4747,17412,1
72.44,4.09,8.72,5.72,2173,26596,0
64.36,3.1,11.22,5.38,801,11255,0
57.2,3.31,13.99,6.3,2019,43406,0
78.72,2.61,11.07,6.98,2560,41524,0
76.5,3.27,13.28,5.52,4362,24332,1
69.01,2.66,11.62,4.09,4364,45624,1
88.47,3.62,12.65,5.67,4424,16764,1
59.3,2.63,9.7,6.73,466,28563,0
54.74,3.38,12.17,6.43,627,23139,0
63.08,2.97,6.02,6.34,4986,37370,1
69.54,4.13,11.63,5.78,3818,6062,0
72.43,2.95,8.74,4.98,3709,45645,0
67.59,1.23,14.41,6.41,4035,8244,1
73.52,4.26,13.55,5.33,4719,7372,1
57.48,2.09,12.93,7.75,2253,40873,1
84.44,2.35,15.04,6.46,2008,20965,0
69.18,2.4,10.1,5.54,3112,45997,0
81.17,4.37,15.49,5.51,4328,17956,1
73.43,0.86,13.86,5.93,3122,41473,0
74.57,6.14,11.53,5.81,3583,14894,1
75.7,4.06,14.27,6.89,2820,46048,0
74.48,3.22,9.79,6.15,1870,34382,0
76.43,2.95,10.35,5.41,4213,5050,1
83.29,3.29,10.78,7.51,1877,17709,1
71.97,3.52,10.94,6.04,4312,16722,1
77.09,3.65,9.89,6.62,897,16210,0
69.1,3.56,14.45,5.51,3315,37545,0
84.4,3.09,11.48,6.29,3888,39674,0
63.24,2.8,12.71,6.25,3076,35489,0
88.01,2.85,10.86,4.49,3837,18733,1
69.6,2.81,8.36,7.61,1811,21080,1
55.69,4.13,12.54,7.03,852,37664,0
71.28,3.59,8.18,5.68,2569,40709,0
63.19,0.06,11.86,5.12,4069,47232,1
78.41,3.66,9.26,6.28,1492,39014,0
63.47,3.19,15.97,6.07,2705,42152,0
65.54,2.98,13.82,6.28,777,28250,0
51.1,2.61,12.21,6.15,205,21229,0
65.48,4.12,14.53,6.4,3387,49137,0
45.76,3.95,10.31,7.16,4853,17475,1
54.16,2.23,13.09,6.45,2046,47412,0
77.6,3.41,12.4,5.16,1195,44876,0
77.86,2.03,12.53,7.09,1882,30011,0
74.25,1.62,14.54,7.31,4641,9128,1
60.33,2.37,13.46,8.52,3357,33450,1
69.52,3.86,12.58,5.1,2097,19897,0
69.96,3.95,8.69,6.19,4969,9168,1
58.42,3.51,10.08,4.33,1661,7861,0
85.03,3.73,11.75,6.44,4106,42758,1
78.77,3.52,12.19,5.56,1775,14750,0
67.79,2.36,9.74,7.54,1222,17988,1
70.27,3.43,16.82,5.38,4081,3979,1
72.08,3.8,15.03,4.65,1401,24524,0
49.58,3.75,13.2,5.62,1043,8065,0
67.53,4.19,12.14,4.42,4650,38684,1
63.18,3.71,11.58,6.6,1045,24184,0
59.98,3.35,10.1,4.35,700,34365,0
67.19,4.07,12.15,6.02,2800,24704,0
87.98,2.97,12.52,4.34,4920,6622,1
76.41,2.12,9.52,5.74,1517,19261,0
64.29,2.84,12.67,7.31,1624,45932,0
75.73,2.26,11.69,6.29,3866,29419,0
